id,companyId,firstname,lastname,mobile,email
HCi1Ajqy23,l1HGU695fY,john,doe,712345678,john.doe@example.com
rV3uuOtsvr,l1HGU695fY,jane ,doe,712345679,jane.doe@gmail.com
BVsmGDNoWY,l1HGU695fY,steve ,doe,712345680,steve.doe@gmail.com
fzusOSy7kW,l1HGU695fY,john,doe,712345681,john.doe@example.com
7bn9Ft9PmG,l1HGU695fY,jane ,doe,712345682,jane.doe@gmail.com
MNaOWLCGHt,l1HGU695fY,steve ,doe,712345683,steve.doe@gmail.com
95AuFzF7C8,l1HGU695fY,john,doe,712345684,john.doe@example.com
KsB2carBGC,l1HGU695fY,jane ,doe,712345685,jane.doe@gmail.com
ejYSw3gMwL,l1HGU695fY,steve ,doe,712345686,steve.doe@gmail.com
